Country,Year,biofuel_consumption,coal_consumption,fossil_fuel_consumption,gas_consumption,hydro_consumption,low_carbon_consumption,nuclear_consumption,oil_consumption,other_renewable_consumption,renewables_consumption,solar_consumption,wind_consumption,total_consumption,Happiness Score
Australia,2015,2.387,540.411,1500.658,389.95,37.935,100.613,0.0,570.297,11.741,100.613,16.684,31.866,3303.155,7.284
Australia,2016,1.856,540.062,1491.048,379.527,47.195,115.454,0.0,571.459,11.58,115.454,19.917,34.908,3328.46,7.313
Australia,2017,1.834,521.526,1493.625,372.844,35.927,108.02,0.0,599.256,11.369,108.02,23.732,35.158,3311.311,7.28399992
Australia,2018,1.655,508.882,1490.425,371.908,45.801,134.563,0.0,609.635,11.454,134.563,32.627,43.025,3384.538,7.272
Australia,2019,1.514,486.392,1530.746,440.57,36.958,149.098,0.0,603.784,11.07,149.098,48.229,51.327,3508.786,7.228
Australia,2020,1.203,468.061,1413.168,423.173,37.874,171.958,0.0,521.934,10.887,171.958,62.623,59.372,3342.211,7.222799778
Australia,2021,1.239,452.447,1383.704,395.757,41.717,205.371,0.0,535.5,10.675,205.371,81.624,70.116,3383.521,7.183
Australia,2022,1.35,429.006,1429.83,432.269,43.437,231.186,0.0,568.555,10.172,231.186,97.883,78.345,3553.219,7.162
Bangladesh,2015,0.0,30.633,381.858,258.541,2.419,3.16,0.0,92.684,0.011,3.16,0.716,0.014,773.196,4.694
Bangladesh,2016,0.0,23.036,383.656,264.509,2.368,2.982,0.0,96.11,0.012,2.982,0.589,0.014,776.258,4.643
Bangladesh,2017,0.0,25.117,399.297,265.927,2.74,3.541,0.0,108.254,0.012,3.541,0.776,0.014,809.2189999999999,4.607999802
Bangladesh,2018,0.0,28.569,427.053,274.29,2.29,3.148,0.0,124.194,0.012,3.148,0.833,0.013,863.5500000000001,4.5
Bangladesh,2019,0.0,48.065,479.281,309.344,2.17,3.181,0.0,121.873,0.012,3.181,0.986,0.013,968.106,4.456
Bangladesh,2020,0.0,52.347,454.221,299.153,1.84,3.071,0.0,102.721,0.012,3.071,1.205,0.013,917.654,4.832799911
Bangladesh,2021,0.0,42.311,488.968,306.089,1.784,3.413,0.0,140.567,0.012,3.413,1.603,0.013,988.173,5.025
Bangladesh,2022,0.0,55.397,513.671,286.872,2.021,4.304,0.0,171.402,0.012,4.304,2.258,0.013,1040.254,5.155
Brazil,2015,221.571,204.981,2070.909,429.365,968.777,1446.048,38.075,1436.562,159.228,1407.973,0.159,58.237,8441.885,6.983
Brazil,2016,201.629,185.15,1916.32,370.879,1019.713,1515.846,40.754,1360.291,163.871,1475.092,0.228,89.651,8339.423999999999,6.952
Brazil,2017,206.01,195.275,1945.812,376.32,987.09,1517.182,40.194,1374.216,168.906,1476.988,2.214,112.768,8402.975,6.635000229
Brazil,2018,238.946,190.978,1857.108,358.908,1029.111,1618.86,39.793,1307.221,173.599,1579.067,9.158,128.252,8531.001,6.419
Brazil,2019,264.483,179.512,1838.441,357.333,1048.793,1694.51,40.797,1301.595,175.319,1653.713,17.541,147.577,8719.614,6.3
Brazil,2020,246.243,163.133,1706.122,314.237,1041.012,1688.246,35.415,1228.752,187.516,1652.831,28.228,149.832,8441.567,6.375599861
Brazil,2021,243.486,197.908,1930.015,404.465,949.379,1640.655,36.923,1327.642,177.883,1603.732,43.835,189.149,8745.071999999998,6.33
Brazil,2022,241.951,162.662,1873.238,319.876,1113.543,1858.963,36.424,1390.7,175.677,1822.539,78.544,212.824,9286.941,6.293
Canada,2015,20.805,214.41,2595.714,1103.324,1029.236,1423.599,261.261,1277.979,31.881,1162.338,7.796,72.62,9200.963000000002,7.427
Canada,2016,20.059,213.621,2543.507,1056.379,1031.817,1440.487,258.746,1273.506,36.262,1181.741,10.795,82.809,9149.729,7.404
Canada,2017,23.655,221.605,2578.561,1096.391,1050.112,1459.618,256.895,1260.565,35.578,1202.723,9.511,83.867,9279.081000000002,7.315999985
Canada,2018,24.433,180.959,2658.55,1176.902,1020.97,1431.618,253.962,1300.689,33.651,1177.656,10.046,88.556,9357.992,7.328
Canada,2019,24.755,169.154,2652.247,1186.542,1006.336,1415.603,254.196,1296.55,32.903,1161.407,10.754,86.659,9297.106,7.278
Canada,2020,22.951,146.178,2400.681,1152.905,1015.178,1421.002,245.749,1101.598,31.955,1175.253,11.242,93.928,8818.62,7.23210001
Canada,2021,24.504,131.237,2464.905,1186.283,1000.694,1402.071,230.97,1147.385,32.493,1171.102,15.816,97.594,8905.054,7.103
Canada,2022,29.385,106.977,2541.371,1238.135,1036.923,1430.602,216.737,1196.26,29.123,1213.865,18.381,100.052,9157.811,7.025
China,2015,27.299,22329.041,30885.832,1946.895,3001.359,4250.154,442.87,6609.896,172.514,3807.284,106.32,499.793,74079.257,5.14
China,2016,27.815,21675.779,30593.768,2094.411,3087.34,4683.943,547.629,6823.578,198.27,4136.315,178.098,644.793,74691.73900000002,5.245
China,2017,25.936,21915.443,31511.137,2412.522,3100.576,5138.246,633.589,7183.172,254.016,4504.657,313.5,810.629,77803.42300000001,5.272999763
China,2018,33.669,22352.146,32720.146,2839.26,3171.928,5689.496,748.955,7528.741,299.108,4940.542,468.029,967.807,81759.82699999999,5.246
China,2019,36.053,22922.236,33897.516,3083.768,3354.375,6291.029,882.026,7891.51,359.759,5409.004,590.458,1068.36,85786.09400000001,5.191
China,2020,27.493,23402.553,34728.391,3366.173,3471.19,6765.32,922.889,7959.667,432.86,5842.432,685.724,1225.164,88829.85600000001,5.123899937
China,2021,28.61,24315.475,36292.246,3802.679,3401.68,7554.755,1023.213,8174.094,529.582,6531.542,855.653,1716.017,94225.54600000002,5.339
China,2022,29.183,24397.779,36372.648,3776.475,3384.379,8143.667,1045.2,8198.392,582.571,7098.467,1113.95,1988.383,96131.094,5.585
Egypt,2015,0.0,9.319,934.044,460.188,36.849,42.064,0.0,464.537,0.0,42.064,0.113,5.102,1994.28,4.194
Egypt,2016,0.0,14.17,987.889,493.541,35.33,42.372,0.0,480.178,0.0,42.372,0.625,6.416,2102.893,4.362
Egypt,2017,0.0,13.952,1029.495,559.328,34.033,41.25,0.0,456.216,0.0,41.25,1.604,5.614,2182.742,4.735000134
Egypt,2018,0.0,25.389,1027.787,595.953,34.192,43.559,0.0,406.445,0.0,43.559,1.463,7.904,2186.251,4.419
Egypt,2019,0.0,22.941,996.942,590.387,37.113,54.164,0.0,383.614,0.0,54.164,3.925,13.126,2156.3760000000007,4.166
Egypt,2020,0.0,8.733,924.493,583.079,39.141,64.576,0.0,332.68,0.0,64.576,11.694,13.742,2042.714,4.151400089
Egypt,2021,0.0,14.114,994.929,621.248,36.45,63.814,0.0,359.567,0.0,63.814,13.011,14.353,2181.3,4.283
Egypt,2022,0.0,12.244,1043.381,605.909,34.641,63.059,0.0,425.229,0.0,63.059,14.044,14.374,2275.94,4.288
France,2015,32.748,102.28,1412.453,407.518,146.92,1409.82,1130.386,902.656,22.711,279.434,19.559,57.495,5923.9800000000005,6.575
France,2016,32.946,99.514,1432.812,445.299,160.417,1332.641,1035.759,887.998,24.619,296.882,21.858,57.042,5827.787,6.478
France,2017,33.204,109.046,1458.23,447.657,130.309,1296.689,1017.315,901.527,26.319,279.374,24.225,65.318,5789.213000000001,6.441999912
France,2018,32.826,100.205,1408.24,428.384,169.104,1380.716,1048.389,879.651,27.588,332.328,27.325,75.485,5910.240999999998,6.489
France,2019,34.182,79.423,1388.441,436.62,147.688,1341.122,1009.287,872.398,28.017,331.834,30.704,91.245,5790.960999999999,6.592
France,2020,30.8,55.982,1190.199,405.828,162.052,1250.967,891.721,728.389,28.128,359.246,33.396,104.869,5241.576999999999,6.663799763
France,2021,34.84,75.042,1287.57,430.414,153.476,1306.055,952.558,782.114,29.48,353.496,38.938,96.762,5540.744999999999,6.69
France,2022,40.186,64.419,1225.805,383.718,115.418,1072.755,737.357,777.668,31.067,335.398,49.911,98.816,4932.518000000001,6.687
Germany,2015,30.778,915.056,2981.134,769.536,51.105,799.726,237.191,1296.542,160.996,562.535,102.538,217.118,8124.254999999999,6.75
Germany,2016,30.851,889.935,3060.661,848.847,55.002,780.79,217.415,1321.879,163.024,563.375,100.539,213.96,8246.277999999998,6.994
Germany,2017,31.384,835.93,3060.821,877.385,53.625,827.313,194.914,1347.506,162.955,632.398,103.154,281.28,8408.665,6.951000214
Germany,2018,32.718,806.69,2944.437,858.507,46.811,843.246,192.963,1279.239,162.595,650.283,117.259,290.9,8225.648000000001,6.965
Germany,2019,32.16,624.218,2809.212,892.83,52.01,885.628,189.89,1292.164,160.513,695.738,119.201,331.853,8085.417,6.985
Germany,2020,39.271,514.867,2554.146,871.075,48.119,889.736,162.255,1168.205,163.162,727.481,129.991,346.938,7615.246000000001,7.075799942
Germany,2021,34.888,621.935,2695.155,917.38,51.437,849.426,173.583,1155.841,160.416,675.842,129.107,299.994,7765.004,7.155
Germany,2022,34.941,641.76,2597.101,775.447,45.949,815.899,86.835,1179.893,165.541,729.064,157.221,325.412,7555.063000000002,7.034
India,2015,3.592,4490.47,7264.577,478.068,358.926,665.102,98.993,2296.038,97.737,566.109,17.683,88.172,16425.467,4.565
India,2016,7.59,4587.692,7609.863,507.91,343.682,675.108,97.354,2514.262,79.221,577.754,30.936,116.325,17147.697000000004,4.404
India,2017,5.467,4737.157,7861.351,535.999,361.465,739.391,95.548,2588.196,79.512,643.843,57.336,140.062,17845.327,4.315000057
India,2018,10.544,4981.602,8266.076,579.963,369.748,822.03,99.143,2704.512,86.905,722.887,96.123,159.567,18899.099999999995,4.19
India,2019,12.996,4989.023,8373.467,592.498,427.202,943.882,114.238,2791.946,100.591,829.644,121.96,166.895,19464.342,4.015
India,2020,12.182,4714.672,7856.125,603.601,429.933,972.249,112.433,2537.853,104.881,859.816,154.12,158.7,18516.565,3.573299885
India,2021,19.677,5352.792,8565.35,623.727,419.553,1019.728,110.276,2588.831,113.308,909.452,178.734,178.181,20079.609000000004,3.819
India,2022,28.016,5562.658,8949.696,582.508,456.08,1153.487,115.57,2804.53,123.114,1037.917,248.09,182.617,21244.283000000003,3.777
Indonesia,2015,8.366,532.274,1793.24,440.371,37.003,72.86,0.0,820.596,27.467,72.86,0.014,0.01,3805.0610000000006,5.399
Indonesia,2016,27.504,544.316,1789.989,454.212,49.999,106.822,0.0,791.461,29.248,106.822,0.056,0.015,3900.444,5.314
Indonesia,2017,23.517,566.109,1860.053,445.182,49.586,107.655,0.0,848.762,34.474,107.655,0.077,0.0,4043.070000000001,5.262000084
Indonesia,2018,34.289,655.729,1984.084,452.81,57.244,167.543,0.0,875.545,75.269,167.543,0.239,0.503,4470.798,5.093
Indonesia,2019,58.482,801.231,2109.228,454.684,55.78,190.401,0.0,853.313,74.551,190.401,0.312,1.276,4789.659,5.192
Indonesia,2020,76.806,765.38,1942.665,425.805,63.884,221.088,0.0,751.479,78.701,221.088,0.449,1.247,4548.592,5.285600185
Indonesia,2021,84.981,763.23,1975.075,429.344,64.624,238.979,0.0,782.501,87.726,238.979,0.504,1.143,4667.086,5.345
Indonesia,2022,95.542,1216.511,2515.085,440.48,71.162,276.337,0.0,858.094,107.549,276.337,1.157,0.928,5859.182,5.24
Iran,2015,0.0,12.695,2690.681,1840.195,35.687,45.156,9.033,837.791,0.052,36.123,0.004,0.38,5507.797,4.686
Iran,2016,0.0,10.56,2826.38,1963.19,41.285,58.417,16.632,852.63,0.07,41.786,0.013,0.418,5811.380999999999,4.813
Iran,2017,0.0,11.982,2930.551,2050.04,45.859,64.78,17.768,868.529,0.078,47.012,0.228,0.846,6037.673,4.691999912
Iran,2018,0.0,15.849,3049.76,2126.434,26.029,46.159,17.481,907.478,0.078,28.678,0.587,1.984,6220.517000000002,4.707
Iran,2019,0.0,18.933,3155.206,2183.896,89.267,108.766,16.215,952.377,0.034,92.55,1.346,1.903,6620.493,4.548
Iran,2020,0.0,21.418,3306.496,2367.673,60.943,81.458,15.953,917.405,0.071,65.505,1.533,2.957,6841.412,4.672399998
Iran,2021,0.0,20.834,3272.439,2295.314,36.181,49.619,8.88,956.291,0.071,40.738,1.528,2.959,6684.853999999999,4.721
Iran,2022,0.0,21.504,3408.794,2394.013,36.51,58.079,16.427,993.278,0.09,41.651,1.801,3.25,6975.397,4.888
Italy,2015,15.486,143.395,1496.994,643.154,122.631,317.772,0.0,710.444,77.898,317.772,61.783,39.974,3947.303,5.948
Italy,2016,15.401,127.732,1507.98,675.458,113.592,313.951,0.0,704.79,78.43,313.951,59.174,47.353,3957.812,5.977
Italy,2017,15.61,111.904,1541.387,715.788,96.335,301.734,0.0,713.695,77.696,301.734,64.876,47.216,3987.975,5.964000225
Italy,2018,15.979,102.567,1525.036,692.141,129.177,328.604,0.0,730.328,76.64,328.604,59.936,46.873,4035.885,6.0
Italy,2019,9.359,77.534,1494.493,707.906,122.194,325.063,0.0,709.052,77.814,325.063,62.443,53.252,3964.173,6.223
Italy,2020,13.227,59.253,1320.996,676.252,125.1,330.966,0.0,585.492,77.862,330.966,65.504,49.273,3634.891,6.38740015
Italy,2021,13.822,65.182,1440.023,723.737,118.766,328.594,0.0,651.104,75.727,328.594,65.519,54.76,3865.828,6.483
Italy,2022,12.353,86.385,1434.277,651.99,74.036,283.974,0.0,695.903,70.836,283.974,73.317,53.431,3720.476,6.467
Japan,2015,3.772,1397.981,4921.101,1187.176,230.963,442.829,11.692,2335.943,89.322,431.138,93.016,14.065,11158.998,5.987
Japan,2016,4.614,1395.385,4828.55,1164.174,212.626,467.055,45.414,2268.99,74.12,421.642,115.985,14.297,11012.852000000004,5.921
Japan,2017,4.771,1415.963,4829.954,1169.865,210.89,524.723,74.247,2244.126,74.44,450.476,143.818,16.557,11159.830000000002,5.920000076
Japan,2018,5.137,1386.597,4710.478,1157.082,214.297,606.079,124.672,2166.799,80.503,481.406,161.977,19.492,11114.519000000002,5.915
Japan,2019,4.781,1362.594,4556.221,1081.233,194.849,649.316,166.025,2112.394,86.268,483.291,177.742,19.652,10894.366,5.886
Japan,2020,5.148,1270.752,4189.554,1041.275,205.723,635.695,108.366,1877.527,94.994,527.329,199.39,22.074,10177.827,5.870800018
Japan,2021,5.0,1369.467,4316.124,1035.061,208.356,721.357,153.727,1911.596,109.044,567.63,220.276,24.953,10642.591,5.94
Japan,2022,5.042,1365.525,4294.471,1002.223,195.192,710.41,129.528,1926.723,118.667,580.882,237.434,24.547,10590.643999999998,6.039
Malaysia,2015,4.521,202.296,1069.424,468.398,37.497,45.151,0.0,398.729,2.397,45.151,0.735,0.0,2274.299,5.77
Malaysia,2016,4.521,217.847,1110.921,449.93,53.605,61.382,0.0,443.145,2.426,61.382,0.83,0.0,2405.989,6.005
Malaysia,2017,4.405,241.405,1109.307,450.442,71.445,79.17,0.0,417.461,2.442,79.17,0.878,0.0,2456.1250000000005,6.084000111
Malaysia,2018,5.067,258.943,1128.875,446.778,69.649,80.701,0.0,423.154,4.313,80.701,1.672,0.0,2499.853,6.322
Malaysia,2019,7.531,244.729,1156.726,452.151,69.052,84.055,0.0,459.846,3.626,84.055,3.846,0.0,2565.617,5.339
Malaysia,2020,9.193,288.092,1106.194,436.137,71.695,90.235,0.0,381.966,3.939,90.235,5.408,0.0,2483.094,5.384300232
Malaysia,2021,9.612,266.346,1148.04,513.517,79.03,98.61,0.0,368.176,3.939,98.61,6.029,0.0,2591.909,5.384
Malaysia,2022,10.354,263.048,1226.946,519.453,82.865,104.333,0.0,444.445,3.939,104.333,7.175,0.0,2766.891,5.711
Mexico,2015,1.954,147.65,2043.285,807.829,83.19,162.136,29.917,1087.805,22.981,132.219,0.545,23.55,4543.061,7.187
Mexico,2016,2.07,144.633,2092.615,830.3,80.395,160.783,27.146,1117.681,22.714,133.637,0.675,27.783,4640.432,6.778
Mexico,2017,2.187,176.753,2127.736,860.335,82.175,165.528,27.792,1090.648,21.955,137.736,3.158,28.262,4724.264999999999,6.578000069
Mexico,2018,2.441,157.545,2081.753,902.736,85.283,183.524,34.414,1021.472,19.989,149.111,8.497,32.9,4679.664999999999,6.488
Mexico,2019,2.696,150.415,2058.36,933.893,62.215,183.054,28.304,974.052,19.481,154.75,26.266,44.092,4637.577999999999,6.595
Mexico,2020,2.951,66.491,1827.884,922.448,70.429,214.033,28.17,838.945,19.149,185.863,41.589,51.745,4269.696999999999,6.465000153
Mexico,2021,2.539,55.126,1928.164,916.388,90.844,247.73,29.938,956.65,16.42,217.792,52.844,55.146,4569.581,6.317
Mexico,2022,2.723,67.837,2025.715,909.47,92.707,247.369,27.144,1048.408,18.24,220.225,53.034,53.521,4766.392999999999,6.128
Netherlands,2015,3.721,128.667,972.45,337.889,0.25,53.582,10.538,505.895,15.756,43.043,2.985,20.332,2095.108,7.378
Netherlands,2016,2.975,119.278,988.767,351.611,0.268,55.247,10.173,517.878,15.67,45.074,4.288,21.873,2133.1020000000003,7.339
Netherlands,2017,3.848,106.972,990.816,362.972,0.162,61.39,8.689,520.871,14.699,52.701,5.866,28.127,2157.113,7.376999855
Netherlands,2018,6.467,96.083,958.935,355.889,0.191,67.835,8.923,506.963,14.535,58.911,9.81,27.908,2112.45,7.441
Netherlands,2019,8.081,74.694,941.012,371.611,0.196,81.317,9.89,494.707,18.584,71.428,14.233,30.335,2116.0880000000006,7.488
Netherlands,2020,9.257,47.778,879.629,360.944,0.121,110.517,10.301,470.906,28.215,100.216,22.499,40.124,2080.507,7.448900223
Netherlands,2021,9.304,65.111,883.818,348.417,0.231,130.797,9.612,470.29,34.851,121.185,29.579,47.221,2150.416,7.464
Netherlands,2022,11.878,64.333,801.226,275.361,0.13,153.965,10.398,461.531,31.238,143.567,44.527,55.795,2053.949,7.415
Nigeria,2015,0.0,0.0,0.0,0.0,0.0,0.0,0.0,0.0,0.0,0.0,0.0,0.0,0.0,5.268
Nigeria,2016,0.0,0.0,0.0,0.0,0.0,0.0,0.0,0.0,0.0,0.0,0.0,0.0,0.0,4.875
Nigeria,2017,0.0,0.0,0.0,0.0,0.0,0.0,0.0,0.0,0.0,0.0,0.0,0.0,0.0,5.073999882
Nigeria,2018,0.0,0.0,0.0,0.0,0.0,0.0,0.0,0.0,0.0,0.0,0.0,0.0,0.0,5.155
Nigeria,2019,0.0,0.0,0.0,0.0,0.0,0.0,0.0,0.0,0.0,0.0,0.0,0.0,0.0,5.265
Nigeria,2020,0.0,0.0,0.0,0.0,0.0,0.0,0.0,0.0,0.0,0.0,0.0,0.0,0.0,4.724100113
Nigeria,2021,0.0,0.0,0.0,0.0,0.0,0.0,0.0,0.0,0.0,0.0,0.0,0.0,0.0,4.759
Nigeria,2022,0.0,0.0,0.0,0.0,0.0,0.0,0.0,0.0,0.0,0.0,0.0,0.0,0.0,4.552
Pakistan,2015,0.0,54.263,713.565,365.342,88.274,102.294,11.125,293.961,0.254,91.169,1.028,1.612,1722.8870000000002,5.194
Pakistan,2016,0.0,62.121,430.689,39.72,92.566,111.511,13.59,328.849,1.699,97.922,1.199,2.458,1182.324,5.132
Pakistan,2017,0.0,83.121,830.01,407.396,80.382,110.988,20.729,339.493,3.433,90.259,1.753,4.692,1972.256,5.269000053
Pakistan,2018,0.0,137.646,856.861,435.876,77.996,114.169,23.48,283.339,3.289,90.689,1.912,7.492,2032.7490000000005,5.472
Pakistan,2019,0.0,156.562,851.917,444.73,95.254,130.599,23.227,250.625,1.973,107.372,1.846,8.299,2072.4039999999995,5.653
Pakistan,2020,0.0,181.748,837.067,411.598,105.018,140.15,24.067,243.721,2.025,116.083,1.864,7.175,2070.5160000000005,5.69329977
Pakistan,2021,0.0,200.761,932.805,448.92,98.472,150.986,39.409,283.124,2.247,111.577,1.878,8.981,2279.16,4.934
Pakistan,2022,0.0,178.546,835.711,382.023,89.944,162.995,55.665,275.142,3.08,107.33,2.204,12.102,2104.742,4.516
Philippines,2015,4.68,135.082,383.707,33.225,23.335,60.115,0.0,215.399,29.712,60.115,0.373,2.015,947.758,5.073
Philippines,2016,5.142,152.19,421.456,38.099,21.713,63.158,0.0,231.167,30.756,63.158,2.937,2.611,1032.387,5.279
Philippines,2017,5.572,179.974,465.146,37.744,25.577,66.717,0.0,247.428,29.462,66.717,3.197,2.91,1130.444,5.429999828
Philippines,2018,5.735,190.139,482.713,40.888,24.875,66.985,0.0,251.686,30.02,66.985,3.305,3.05,1166.381,5.524
Philippines,2019,6.108,203.311,502.417,42.16,21.203,63.705,0.0,256.946,30.363,63.705,3.285,2.746,1195.949,5.631
Philippines,2020,5.175,204.062,452.132,38.428,19.012,61.621,0.0,209.641,31.134,61.621,3.605,2.696,1089.127,6.006000042
Philippines,2021,5.802,219.963,478.537,32.831,24.163,66.973,0.0,225.743,29.765,66.973,3.861,3.382,1157.9930000000004,5.88
Philippines,2022,6.318,221.846,500.459,30.804,26.405,70.535,0.0,247.81,30.301,70.535,4.767,2.745,1212.525,5.904
Poland,2015,7.568,566.047,1030.028,170.988,4.934,72.985,0.0,292.993,31.089,72.985,0.153,29.24,2279.01,5.791
Poland,2016,5.255,575.669,1079.833,182.576,5.726,70.412,0.0,321.587,25.4,70.412,0.332,33.699,2370.901,5.835
Poland,2017,7.019,578.879,1133.63,191.803,6.813,74.659,0.0,362.947,20.711,74.659,0.439,39.677,2491.236,5.97300005
Poland,2018,10.587,579.175,1150.725,199.261,5.212,71.358,0.0,372.289,20.903,71.358,0.794,33.863,2515.525,6.123
Poland,2019,11.435,516.078,1104.451,208.888,5.162,82.817,0.0,379.485,24.526,82.817,1.873,39.821,2457.353,6.182
Poland,2020,11.849,478.409,1048.529,210.646,5.563,90.705,0.0,359.475,26.656,90.705,5.142,41.495,2369.1739999999995,6.186299801
Poland,2021,12.134,529.151,1127.997,223.738,6.121,96.761,0.0,375.108,25.733,96.761,10.295,42.478,2546.2770000000005,6.166
Poland,2022,13.039,495.633,1071.105,186.046,5.131,115.763,0.0,389.426,24.36,115.763,21.664,51.568,2489.4980000000005,6.123
Russia,2015,0.0,1071.356,6970.462,4086.748,452.402,960.093,505.127,1812.358,1.262,454.966,0.904,0.399,16316.077,5.716
Russia,2016,0.394,1037.977,7083.562,4206.464,494.213,1002.501,505.078,1839.121,1.167,497.423,1.254,0.397,16669.551000000003,5.856
Russia,2017,0.766,976.106,7120.232,4311.006,492.772,1015.511,518.774,1833.12,1.381,496.737,1.448,0.37,16768.222999999998,5.962999821
Russia,2018,1.131,1007.856,7403.697,4544.993,504.375,1028.511,519.396,1850.849,1.329,509.115,1.652,0.627,17373.531000000003,5.81
Russia,2019,1.565,990.76,7322.611,4443.127,512.37,1047.418,528.623,1888.724,1.435,518.796,2.597,0.83,17258.856000000003,5.648
Russia,2020,1.884,914.234,6964.822,4234.834,557.924,1114.148,544.142,1815.754,2.318,570.006,4.891,2.989,16727.946,5.546000004
Russia,2021,2.793,951.683,7197.647,4315.445,561.365,1137.71,558.415,1930.519,2.324,579.295,6.05,6.764,17250.01,5.477
Russia,2022,3.837,1067.093,7533.77,4484.05,515.343,1098.415,559.65,1982.627,2.378,538.765,6.254,10.953,17803.135000000002,5.459
Saudi Arabia,2015,0.0,1.036,3056.502,992.275,0.0,0.0,0.0,2063.19,0.0,0.0,0.124,0.0,6113.127,6.411
Saudi Arabia,2016,0.0,0.855,3179.721,1053.17,0.0,0.0,0.0,2125.696,0.0,0.0,0.123,0.0,6359.564999999999,6.379
Saudi Arabia,2017,0.0,1.34,3181.633,1092.502,0.0,0.0,0.0,2087.792,0.0,0.0,0.173,0.013,6363.453,6.343999863
Saudi Arabia,2018,0.0,1.114,3101.243,1121.0,0.0,0.0,0.0,1979.128,0.0,0.0,0.422,0.013,6202.919999999999,6.371
Saudi Arabia,2019,0.0,1.173,2966.819,1111.5,0.0,0.0,0.0,1854.147,0.0,0.0,0.545,0.015,5934.199,6.375
Saudi Arabia,2020,0.0,1.028,2885.852,1130.5,0.0,0.0,0.0,1754.324,0.0,0.0,0.544,0.015,5772.263,6.406499863
Saudi Arabia,2021,0.0,1.279,2979.729,1144.607,0.0,0.0,0.0,1833.843,0.0,0.0,2.173,0.015,5961.646,6.494
Saudi Arabia,2022,0.0,0.0,0.0,0.0,0.0,0.0,0.0,0.0,0.0,0.0,0.0,0.0,0.0,6.523
South Korea,2015,5.18,993.216,2833.904,456.497,5.778,475.614,425.773,1384.19,23.876,49.841,11.391,3.615,6668.875,5.984
South Korea,2016,5.151,947.837,2933.451,476.437,7.62,473.98,416.145,1509.177,25.792,57.835,14.767,4.506,6872.698000000001,5.835
South Korea,2017,4.979,1002.235,2997.258,497.564,7.475,448.55,379.047,1497.459,30.68,69.503,20.596,5.773,6961.119,5.837999821
South Korea,2018,7.946,1007.749,3076.133,578.04,8.888,426.917,338.947,1490.344,37.714,87.97,26.9,6.522,7094.07,5.875
South Korea,2019,8.138,955.366,2991.021,560.338,7.351,471.654,369.074,1475.317,42.618,102.581,37.412,7.062,7027.932000000001,5.895
South Korea,2020,8.025,840.159,2821.208,575.373,10.183,525.757,403.691,1405.675,44.799,122.066,50.787,8.273,6815.996,5.872399807
South Korea,2021,6.944,843.54,2967.049,624.074,7.993,539.459,396.769,1499.434,54.755,142.691,64.678,8.321,7155.706999999999,5.845
South Korea,2022,7.943,796.568,2938.851,623.789,9.232,603.493,440.451,1518.494,56.974,163.042,80.107,8.785,7247.729,5.935
Spain,2015,14.788,159.173,1145.939,285.438,75.78,427.206,148.086,701.328,18.4,279.12,37.32,132.831,3425.409000000001,6.329
Spain,2016,16.87,122.07,1132.507,291.216,97.406,450.407,150.585,719.221,18.083,299.822,36.519,130.945,3465.6510000000003,6.361
Spain,2017,19.439,156.41,1197.184,317.121,48.76,404.858,148.404,723.653,19.402,256.454,38.111,130.741,3460.537,6.402999878
Spain,2018,25.525,134.022,1182.64,314.973,90.838,446.032,141.58,733.645,19.714,304.451,33.717,134.657,3561.7940000000003,6.31
Spain,2019,25.091,58.984,1154.336,359.745,59.273,429.535,147.41,735.607,17.995,282.125,39.825,139.941,3449.867,6.354
Spain,2020,22.691,34.386,951.118,324.902,80.119,471.842,146.925,591.83,19.591,324.917,54.278,148.237,3170.836,6.400899887
Spain,2021,22.3,35.731,1033.12,343.243,77.522,497.149,142.03,654.146,21.997,355.12,70.907,162.394,3415.659,6.491
Spain,2022,21.763,43.427,1098.455,329.742,45.859,492.576,146.58,725.287,21.552,345.996,93.135,163.686,3528.058000000001,6.476
Thailand,2015,18.515,204.074,1318.1,509.61,10.128,59.346,0.0,604.417,23.416,59.346,6.404,0.883,2814.239,6.455
Thailand,2016,19.143,208.03,1338.951,505.643,9.485,66.621,0.0,625.278,27.456,66.621,9.512,1.025,2877.7650000000003,6.474
Thailand,2017,21.177,208.857,1354.329,500.838,12.474,78.354,0.0,644.634,29.661,78.354,12.09,2.951,2943.719,6.423999786
Thailand,2018,23.148,222.67,1381.293,500.196,20.1,97.083,0.0,658.427,37.491,97.083,12.004,4.342,3053.837,6.072
Thailand,2019,25.85,198.453,1373.846,509.396,16.633,105.899,0.0,665.997,40.178,105.899,13.565,9.674,3065.39,6.008
Thailand,2020,25.976,212.183,1276.961,468.529,11.923,98.797,0.0,596.249,39.229,98.797,13.213,8.457,2850.314,5.998799801
Thailand,2021,23.287,217.274,1286.554,470.137,11.88,100.256,0.0,599.142,42.793,100.256,13.055,9.242,2873.876,5.985
Thailand,2022,21.138,197.679,1284.408,443.181,17.204,103.485,0.0,643.549,44.25,103.485,13.103,7.79,2879.272,5.891
Turkey,2015,1.205,404.026,1362.281,459.59,180.822,226.741,0.0,498.664,12.811,226.741,0.523,31.38,3404.784,5.332
Turkey,2016,1.194,447.26,1426.137,445.046,179.98,243.102,0.0,533.831,17.597,243.102,2.792,41.54,3581.581,5.389
Turkey,2017,1.269,458.912,1553.371,515.681,154.936,233.97,0.0,578.778,22.428,233.97,7.689,47.647,3808.651,5.5
Turkey,2018,1.624,475.22,1526.927,472.325,158.581,260.945,0.0,579.382,27.324,260.945,20.636,52.78,3836.689,5.483
Turkey,2019,1.809,487.526,1497.671,433.613,234.134,351.496,0.0,576.531,33.888,351.496,24.382,57.282,4049.828,5.373
Turkey,2020,1.162,472.367,1482.043,462.099,205.098,339.733,0.0,547.577,39.509,339.733,28.758,65.206,3983.285,5.131800175
Turkey,2021,1.287,482.322,1637.03,573.104,146.342,314.121,0.0,581.605,47.748,314.121,36.484,82.26,4216.424,4.948
Turkey,2022,1.565,488.702,1607.618,512.464,174.163,364.5,0.0,606.453,53.636,364.5,44.028,91.107,4308.736,4.744
United Arab Emirates,2015,0.0,19.942,1226.979,714.705,0.0,0.0,0.0,492.332,0.0,0.0,0.805,0.004,2454.767,6.901
United Arab Emirates,2016,0.0,21.406,1275.467,719.31,0.0,0.0,0.0,534.751,0.0,0.0,0.846,0.0,2551.78,6.573
United Arab Emirates,2017,0.0,24.76,1213.462,656.552,0.0,0.0,0.0,532.15,0.0,0.0,1.983,0.0,2428.907,6.647999763
United Arab Emirates,2018,0.0,22.332,1147.343,595.643,0.0,0.0,0.0,529.368,0.0,0.0,3.17,0.0,2297.856,6.774
United Arab Emirates,2019,0.0,20.668,1209.43,671.891,0.0,0.0,0.0,516.871,0.0,0.0,9.637,0.0,2428.497,6.825
United Arab Emirates,2020,0.0,24.736,1186.957,678.658,0.0,0.0,4.1,483.562,0.003,0.0,13.616,0.0,2391.6320000000005,6.790800095
United Arab Emirates,2021,0.0,30.154,1203.467,655.399,0.0,0.0,26.486,517.914,0.001,0.0,16.36,0.0,2449.7810000000004,6.561
United Arab Emirates,2022,0.0,27.893,1285.167,661.476,0.0,0.0,50.298,595.798,0.041,0.0,20.188,0.0,2640.8610000000003,6.576
United Kingdom,2015,10.819,277.323,1849.654,720.455,16.958,431.705,181.783,851.876,93.401,249.922,20.286,108.459,4812.640999999999,6.867
United Kingdom,2016,10.963,141.172,1810.635,798.983,14.377,432.91,184.255,870.479,95.975,248.655,27.862,99.477,4735.743,6.725
United Kingdom,2017,10.827,114.227,1778.548,782.288,15.653,470.528,179.622,882.034,101.826,290.906,30.491,132.11,4789.06,6.714000225
United Kingdom,2018,14.917,96.415,1756.137,788.487,14.401,490.665,165.186,871.235,112.081,325.479,33.517,150.562,4819.081999999999,7.19
United Kingdom,2019,19.071,68.913,1701.406,778.738,15.639,497.662,142.116,853.756,119.836,355.546,32.734,168.267,4753.684,7.054
United Kingdom,2020,18.022,62.786,1451.432,731.454,18.039,519.755,126.71,657.192,126.175,393.045,32.839,197.969,4335.418,7.164500237
United Kingdom,2021,17.785,64.242,1515.129,769.267,14.126,475.829,115.263,681.619,127.855,360.567,31.598,169.203,4342.483,7.064
United Kingdom,2022,23.016,58.387,1503.479,708.97,14.705,515.367,119.393,736.121,114.381,395.973,34.63,209.241,4433.6630000000005,6.943
United States,2015,377.211,4329.078,21655.984,7435.795,663.691,4091.442,2168.462,9891.111,257.115,1922.98,106.174,518.788,53417.831,7.119
United States,2016,409.229,3960.741,21417.207,7490.989,706.105,4309.845,2178.659,9965.476,253.683,2131.185,148.362,613.806,53585.28699999999,7.104
United States,2017,410.054,3852.593,21315.105,7399.922,789.888,4508.74,2163.843,10062.591,253.612,2344.897,207.734,683.609,53992.588,6.993000031
United States,2018,404.621,3689.458,22212.854,8219.633,765.977,4556.134,2156.894,10303.762,250.438,2399.24,249.513,728.691,55937.215,6.886
United States,2019,415.87,3150.46,21948.141,8509.999,752.485,4630.352,2155.132,10287.683,234.433,2475.22,284.616,787.816,55632.207,6.892
United States,2020,378.321,2556.181,19936.998,8345.496,742.663,4685.649,2095.404,9035.32,225.994,2590.245,346.779,896.488,51835.538,6.939599991
United States,2021,415.839,2936.894,21170.129,8364.249,651.455,4786.699,2060.685,9868.985,224.519,2726.014,434.585,999.615,54639.668,6.951
United States,2022,437.593,2752.975,21479.43,8795.866,655.104,5024.875,2031.819,9930.587,216.581,2993.056,540.069,1143.709,56001.664,6.977
Vietnam,2015,0.0,305.123,674.768,102.869,151.138,151.705,0.0,266.775,0.223,151.705,0.018,0.326,1804.65,5.36
Vietnam,2016,0.0,330.179,726.664,102.386,171.172,172.114,0.0,294.098,0.389,172.114,0.014,0.538,1969.668,5.061
Vietnam,2017,0.0,329.915,733.304,95.207,228.711,230.328,0.0,308.182,0.664,230.328,0.021,0.931,2157.5910000000003,5.073999882
Vietnam,2018,0.0,439.514,860.56,96.596,219.81,222.714,0.0,324.449,1.558,222.714,0.058,1.288,2389.261,5.103
Vietnam,2019,0.0,580.664,1012.627,98.43,174.283,190.008,0.0,333.533,1.117,190.008,12.7,1.908,2595.278,5.175
Vietnam,2020,0.0,609.741,981.098,88.394,191.37,223.296,0.0,282.963,1.085,223.296,28.261,2.579,2632.083,5.353499889
Vietnam,2021,0.0,579.233,924.5,71.989,205.862,284.054,0.0,273.278,1.022,284.054,68.429,8.742,2701.1630000000005,5.411
Vietnam,2022,0.0,528.115,901.975,77.972,250.05,342.092,0.0,295.888,1.207,342.092,67.134,23.701,2830.226,5.485
