Country,Human Development Index,Year,Population,biofuel_consumption,coal_consumption,fossil_fuel_consumption,gas_consumption,hydro_consumption,low_carbon_consumption,nuclear_consumption,oil_consumption,other_renewable_consumption,renewables_consumption,solar_consumption,wind_consumption,total_consumption,Energy Consumption Per Capita
Australia,0.933,2015,23820240.0,2.387,540.411,1500.658,389.95,37.935,100.613,0.0,570.297,11.741,100.613,16.684,31.866,5318.155000000001,0.0002232620242281
Australia,0.936,2016,24195706.0,1.856,540.062,1491.048,379.527,47.195,115.454,0.0,571.459,11.58,115.454,19.917,34.908,5344.46,0.0002208846478792
Australia,0.937,2017,24590336.0,1.834,521.526,1493.625,372.844,35.927,108.02,0.0,599.256,11.369,108.02,23.732,35.158,5328.311000000001,0.0002166831311292
Australia,0.941,2018,24979228.0,1.655,508.882,1490.425,371.908,45.801,134.563,0.0,609.635,11.454,134.563,32.627,43.025,5402.5380000000005,0.0002162812237431
Australia,0.941,2019,25357168.0,1.514,486.392,1530.746,440.57,36.958,149.098,0.0,603.784,11.07,149.098,48.229,51.327,5527.785999999999,0.0002179969782114
Australia,0.948,2020,25670052.0,1.203,468.061,1413.168,423.173,37.874,171.958,0.0,521.934,10.887,171.958,62.623,59.372,5362.210999999998,0.0002088897599428
Australia,0.949,2021,25921094.0,1.239,452.447,1383.704,395.757,41.717,205.371,0.0,535.5,10.675,205.371,81.624,70.116,5404.521,0.000208498954558
Australia,0.946,2022,26177410.0,1.35,429.006,1429.83,432.269,43.437,231.186,0.0,568.555,10.172,231.186,97.883,78.345,5575.218999999999,0.0002129782510951
Bangladesh,0.604,2015,157830000.0,0.0,30.633,381.858,258.541,2.419,3.16,0.0,92.684,0.011,3.16,0.716,0.014,2788.196,1.7665817651903945e-05
Bangladesh,0.613,2016,159784576.0,0.0,23.036,383.656,264.509,2.368,2.982,0.0,96.11,0.012,2.982,0.589,0.014,2792.2580000000003,1.7475141029882635e-05
Bangladesh,0.622,2017,161793968.0,0.0,25.117,399.297,265.927,2.74,3.541,0.0,108.254,0.012,3.541,0.776,0.014,2826.219,1.746801215728883e-05
Bangladesh,0.636,2018,163683952.0,0.0,28.569,427.053,274.29,2.29,3.148,0.0,124.194,0.012,3.148,0.833,0.013,2881.55,1.760435256353048e-05
Bangladesh,0.646,2019,165516224.0,0.0,48.065,479.281,309.344,2.17,3.181,0.0,121.873,0.012,3.181,0.986,0.013,2987.106,1.8047209680182168e-05
Bangladesh,0.657,2020,167420944.0,0.0,52.347,454.221,299.153,1.84,3.071,0.0,102.721,0.012,3.071,1.205,0.013,2937.6540000000005,1.7546514371583048e-05
Bangladesh,0.662,2021,169356240.0,0.0,42.311,488.968,306.089,1.784,3.413,0.0,140.567,0.012,3.413,1.603,0.013,3009.173,1.7768303075221793e-05
Bangladesh,0.67,2022,171186368.0,0.0,55.397,513.671,286.872,2.021,4.304,0.0,171.402,0.012,4.304,2.258,0.013,3062.2540000000004,1.788842205005483e-05
Brazil,0.752,2015,205188208.0,221.571,204.981,2070.909,429.365,968.777,1446.048,38.075,1436.562,159.228,1407.973,0.159,58.237,10456.884999999997,5.096240715743273e-05
Brazil,0.753,2016,206859584.0,201.629,185.15,1916.32,370.879,1019.713,1515.846,40.754,1360.291,163.871,1475.092,0.228,89.651,10355.424,5.00601606160051e-05
Brazil,0.758,2017,208504960.0,206.01,195.275,1945.812,376.32,987.09,1517.182,40.194,1374.216,168.906,1476.988,2.214,112.768,10419.975,4.9974710433747e-05
Brazil,0.762,2018,210166592.0,238.946,190.978,1857.108,358.908,1029.111,1618.86,39.793,1307.221,173.599,1579.067,9.158,128.252,10549.001,5.019351981498563e-05
Brazil,0.764,2019,211782880.0,264.483,179.512,1838.441,357.333,1048.793,1694.51,40.797,1301.595,175.319,1653.713,17.541,147.577,10738.613999999998,5.070576998480707e-05
Brazil,0.758,2020,213196304.0,246.243,163.133,1706.122,314.237,1041.012,1688.246,35.415,1228.752,187.516,1652.831,28.228,149.832,10461.567,4.907011427365082e-05
Brazil,0.756,2021,214326224.0,243.486,197.908,1930.015,404.465,949.379,1640.655,36.923,1327.642,177.883,1603.732,43.835,189.149,10766.071999999998,5.023217317541133e-05
Brazil,0.76,2022,215313504.0,241.951,162.662,1873.238,319.876,1113.543,1858.963,36.424,1390.7,175.677,1822.539,78.544,212.824,11308.941,5.2523138539420175e-05
Canada,0.927,2015,35732120.0,20.805,214.41,2595.714,1103.324,1029.236,1423.599,261.261,1277.979,31.881,1162.338,7.796,72.62,11215.963,0.0003138902197798
Canada,0.928,2016,36113532.0,20.059,213.621,2543.507,1056.379,1031.817,1440.487,258.746,1273.506,36.262,1181.741,10.795,82.809,11165.728999999998,0.0003091840753765
Canada,0.929,2017,36554344.0,23.655,221.605,2578.561,1096.391,1050.112,1459.618,256.895,1260.565,35.578,1202.723,9.511,83.867,11296.081,0.0003090215762044
Canada,0.93,2018,37035260.0,24.433,180.959,2658.55,1176.902,1020.97,1431.618,253.962,1300.689,33.651,1177.656,10.046,88.556,11375.992,0.0003071665218497
Canada,0.932,2019,37522584.0,24.755,169.154,2652.247,1186.542,1006.336,1415.603,254.196,1296.55,32.903,1161.407,10.754,86.659,11316.106,0.0003015812024033
Canada,0.928,2020,37888704.0,22.951,146.178,2400.681,1152.905,1015.178,1421.002,245.749,1101.598,31.955,1175.253,11.242,93.928,10838.62,0.000286064680386
Canada,0.934,2021,38155012.0,24.504,131.237,2464.905,1186.283,1000.694,1402.071,230.97,1147.385,32.493,1171.102,15.816,97.594,10926.054,0.0002863596006731
Canada,0.935,2022,38454328.0,29.385,106.977,2541.371,1238.135,1036.923,1430.602,216.737,1196.26,29.123,1213.865,18.381,100.052,11179.810999999998,0.0002907295896576
China,0.741,2015,1393715456.0,27.299,22329.041,30885.832,1946.895,3001.359,4250.154,442.87,6609.896,172.514,3807.284,106.32,499.793,76094.257,5.459812953383793e-05
China,0.749,2016,1401889664.0,27.815,21675.779,30593.768,2094.411,3087.34,4683.943,547.629,6823.578,198.27,4136.315,178.098,644.793,76707.739,5.471738680284613e-05
China,0.757,2017,1410275968.0,25.936,21915.443,31511.137,2412.522,3100.576,5138.246,633.589,7183.172,254.016,4504.657,313.5,810.629,79820.42300000002,5.6599151379710685e-05
China,0.766,2018,1417069440.0,33.669,22352.146,32720.146,2839.26,3171.928,5689.496,748.955,7528.741,299.108,4940.542,468.029,967.807,83777.82699999999,5.912048106830953e-05
China,0.775,2019,1421864064.0,36.053,22922.236,33897.516,3083.768,3354.375,6291.029,882.026,7891.51,359.759,5409.004,590.458,1068.36,87805.094,6.1753508104696e-05
China,0.781,2020,1424929792.0,27.493,23402.553,34728.391,3366.173,3471.19,6765.32,922.889,7959.667,432.86,5842.432,685.724,1225.164,90849.856,6.375742616236913e-05
China,0.785,2021,1425893504.0,28.61,24315.475,36292.246,3802.679,3401.68,7554.755,1023.213,8174.094,529.582,6531.542,855.653,1716.017,96246.546,6.749911247228741e-05
China,0.788,2022,1425887360.0,29.183,24397.779,36372.648,3776.475,3384.379,8143.667,1045.2,8198.392,582.571,7098.467,1113.95,1988.383,98153.094,6.883649911869616e-05
Egypt,0.695,2015,97723792.0,0.0,9.319,934.044,460.188,36.849,42.064,0.0,464.537,0.0,42.064,0.113,5.102,4009.2799999999993,4.1026651933441134e-05
Egypt,0.702,2016,99784032.0,0.0,14.17,987.889,493.541,35.33,42.372,0.0,480.178,0.0,42.372,0.625,6.416,4118.893,4.127807743828191e-05
Egypt,0.709,2017,101789384.0,0.0,13.952,1029.495,559.328,34.033,41.25,0.0,456.216,0.0,41.25,1.604,5.614,4199.742,4.125913562852488e-05
Egypt,0.717,2018,103740768.0,0.0,25.389,1027.787,595.953,34.192,43.559,0.0,406.445,0.0,43.559,1.463,7.904,4204.251,4.052650738039649e-05
Egypt,0.724,2019,105618672.0,0.0,22.941,996.942,590.387,37.113,54.164,0.0,383.614,0.0,54.164,3.925,13.126,4175.375999999999,3.953255537998053e-05
Egypt,0.729,2020,107465128.0,0.0,8.733,924.493,583.079,39.141,64.576,0.0,332.68,0.0,64.576,11.694,13.742,4062.714,3.780495194683061e-05
Egypt,0.726,2021,109262184.0,0.0,14.114,994.929,621.248,36.45,63.814,0.0,359.567,0.0,63.814,13.011,14.353,4202.3,3.8460699266271305e-05
Egypt,0.728,2022,110990096.0,0.0,12.244,1043.381,605.909,34.641,63.059,0.0,425.229,0.0,63.059,14.044,14.374,4297.9400000000005,3.872363530526184e-05
France,0.893,2015,63809768.0,32.748,102.28,1412.453,407.518,146.92,1409.82,1130.386,902.656,22.711,279.434,19.559,57.495,7938.98,0.0001244163746215
France,0.896,2016,63989320.0,32.946,99.514,1432.812,445.299,160.417,1332.641,1035.759,887.998,24.619,296.882,21.858,57.042,7843.787,0.0001225796273503
France,0.899,2017,64144092.0,33.204,109.046,1458.23,447.657,130.309,1296.689,1017.315,901.527,26.319,279.374,24.225,65.318,7806.213000000002,0.0001216980824983
France,0.903,2018,64277812.0,32.826,100.205,1408.24,428.384,169.104,1380.716,1048.389,879.651,27.588,332.328,27.325,75.485,7928.241,0.0001233433552467
France,0.905,2019,64399760.0,34.182,79.423,1388.441,436.62,147.688,1341.122,1009.287,872.398,28.017,331.834,30.704,91.245,7809.960999999999,0.0001212731382849
France,0.9,2020,64480052.0,30.8,55.982,1190.199,405.828,162.052,1250.967,891.721,728.389,28.128,359.246,33.396,104.869,7261.577,0.0001126174184847
France,0.906,2021,64531448.0,34.84,75.042,1287.57,430.414,153.476,1306.055,952.558,782.114,29.48,353.496,38.938,96.762,7561.744999999999,0.0001171792239963
France,0.91,2022,64626624.0,40.186,64.419,1225.805,383.718,115.418,1072.755,737.357,777.668,31.067,335.398,49.911,98.816,6954.517999999999,0.0001076107271207
Germany,0.941,2015,82073232.0,30.778,915.056,2981.134,769.536,51.105,799.726,237.191,1296.542,160.996,562.535,102.538,217.118,10139.255,0.0001235391217443
Germany,0.941,2016,82331432.0,30.851,889.935,3060.661,848.847,55.002,780.79,217.415,1321.879,163.024,563.375,100.539,213.96,10262.278,0.0001246459310947
Germany,0.944,2017,82624368.0,31.384,835.93,3060.821,877.385,53.625,827.313,194.914,1347.506,162.955,632.398,103.154,281.28,10425.665,0.0001261814795364
Germany,0.946,2018,82896696.0,32.718,806.69,2944.437,858.507,46.811,843.246,192.963,1279.239,162.595,650.283,117.259,290.9,10243.647999999996,0.000123571245831
Germany,0.951,2019,83148144.0,32.16,624.218,2809.212,892.83,52.01,885.628,189.89,1292.164,160.513,695.738,119.201,331.853,10104.417,0.0001215230612964
Germany,0.948,2020,83328992.0,39.271,514.867,2554.146,871.075,48.119,889.736,162.255,1168.205,163.162,727.481,129.991,346.938,9635.246,0.0001156289758071
Germany,0.948,2021,83408560.0,34.888,621.935,2695.155,917.38,51.437,849.426,173.583,1155.841,160.416,675.842,129.107,299.994,9786.004,0.000117326135351
Germany,0.95,2022,83369840.0,34.941,641.76,2597.101,775.447,45.949,815.899,86.835,1179.893,165.541,729.064,157.221,325.412,9577.063,0.0001148744318089
India,0.619,2015,1322866560.0,3.592,4490.47,7264.577,478.068,358.926,665.102,98.993,2296.038,97.737,566.109,17.683,88.172,18440.467,1.393977862740744e-05
India,0.63,2016,1338636288.0,7.59,4587.692,7609.863,507.91,343.682,675.108,97.354,2514.262,79.221,577.754,30.936,116.325,19163.697000000004,1.4315835579679134e-05
India,0.636,2017,1354195712.0,5.467,4737.157,7861.351,535.999,361.465,739.391,95.548,2588.196,79.512,643.843,57.336,140.062,19862.327,1.4667249958032654e-05
India,0.636,2018,1369003264.0,10.544,4981.602,8266.076,579.963,369.748,822.03,99.143,2704.512,86.905,722.887,96.123,159.567,20917.09999999999,1.5279072409866796e-05
India,0.638,2019,1383112064.0,12.996,4989.023,8373.467,592.498,427.202,943.882,114.238,2791.946,100.591,829.644,121.96,166.895,21483.342000000004,1.5532611246170147e-05
India,0.638,2020,1396387072.0,12.182,4714.672,7856.125,603.601,429.933,972.249,112.433,2537.853,104.881,859.816,154.12,158.7,20536.565,1.4706928624443752e-05
India,0.633,2021,1407563904.0,19.677,5352.792,8565.35,623.727,419.553,1019.728,110.276,2588.831,113.308,909.452,178.734,178.181,22100.609000000004,1.5701318382202564e-05
India,0.644,2022,1417173120.0,28.016,5562.658,8949.696,582.508,456.08,1153.487,115.57,2804.53,123.114,1037.917,248.09,182.617,23266.283000000007,1.6417389429457996e-05
Indonesia,0.698,2015,259091968.0,8.366,532.274,1793.24,440.371,37.003,72.86,0.0,820.596,27.467,72.86,0.014,0.01,5820.060999999999,2.2463301525425903e-05
Indonesia,0.701,2016,261850176.0,27.504,544.316,1789.989,454.212,49.999,106.822,0.0,791.461,29.248,106.822,0.056,0.015,5916.443999999999,2.259476808600655e-05
Indonesia,0.708,2017,264498848.0,23.517,566.109,1860.053,445.182,49.586,107.655,0.0,848.762,34.474,107.655,0.077,0.0,6060.07,2.29115175579139e-05
Indonesia,0.712,2018,267066848.0,34.289,655.729,1984.084,452.81,57.244,167.543,0.0,875.545,75.269,167.543,0.239,0.503,6488.797999999999,2.4296531181586413e-05
Indonesia,0.718,2019,269582880.0,58.482,801.231,2109.228,454.684,55.78,190.401,0.0,853.313,74.551,190.401,0.312,1.276,6808.659,2.5256273692157303e-05
Indonesia,0.712,2020,271857984.0,76.806,765.38,1942.665,425.805,63.884,221.088,0.0,751.479,78.701,221.088,0.449,1.247,6568.592000000001,2.4161850622713367e-05
Indonesia,0.707,2021,273753184.0,84.981,763.23,1975.075,429.344,64.624,238.979,0.0,782.501,87.726,238.979,0.504,1.143,6688.086,2.4431080224440423e-05
Indonesia,0.713,2022,275501344.0,95.542,1216.511,2515.085,440.48,71.162,276.337,0.0,858.094,107.549,276.337,1.157,0.928,7881.182,2.8606691661003293e-05
Iran,0.782,2015,81790848.0,0.0,12.695,2690.681,1840.195,35.687,45.156,9.033,837.791,0.052,36.123,0.004,0.38,7522.797,9.197602401677018e-05
Iran,0.785,2016,83306232.0,0.0,10.56,2826.38,1963.19,41.285,58.417,16.632,852.63,0.07,41.786,0.013,0.418,7827.381,9.39591290121008e-05
Iran,0.788,2017,84505080.0,0.0,11.982,2930.551,2050.04,45.859,64.78,17.768,868.529,0.078,47.012,0.228,0.846,8054.673,9.53158437338915e-05
Iran,0.787,2018,85617560.0,0.0,15.849,3049.76,2126.434,26.029,46.159,17.481,907.478,0.078,28.678,0.587,1.984,8238.517,9.622461794052528e-05
Iran,0.785,2019,86564208.0,0.0,18.933,3155.206,2183.896,89.267,108.766,16.215,952.377,0.034,92.55,1.346,1.903,8639.492999999999,9.9804448046241e-05
Iran,0.779,2020,87290192.0,0.0,21.418,3306.496,2367.673,60.943,81.458,15.953,917.405,0.071,65.505,1.533,2.957,8861.411999999998,0.0001015166973169
Iran,0.776,2021,87923432.0,0.0,20.834,3272.439,2295.314,36.181,49.619,8.88,956.291,0.071,40.738,1.528,2.959,8705.854,9.901631228407916e-05
Iran,0.78,2022,88550568.0,0.0,21.504,3408.794,2394.013,36.51,58.079,16.427,993.278,0.09,41.651,1.801,3.25,8997.396999999999,0.0001016074453638
Italy,0.881,2015,60232908.0,15.486,143.395,1496.994,643.154,122.631,317.772,0.0,710.444,77.898,317.772,61.783,39.974,5962.303000000001,9.898746711681264e-05
Italy,0.886,2016,60118628.0,15.401,127.732,1507.98,675.458,113.592,313.951,0.0,704.79,78.43,313.951,59.174,47.353,5973.812,9.93670713842638e-05
Italy,0.889,2017,60004024.0,15.61,111.904,1541.387,715.788,96.335,301.734,0.0,713.695,77.696,301.734,64.876,47.216,6004.975000000001,0.0001000762048891
Italy,0.894,2018,59877432.0,15.979,102.567,1525.036,692.141,129.177,328.604,0.0,730.328,76.64,328.604,59.936,46.873,6053.885,0.0001011046198507
Italy,0.899,2019,59727936.0,9.359,77.534,1494.493,707.906,122.194,325.063,0.0,709.052,77.814,325.063,62.443,53.252,5983.173000000001,0.0001001737779788
Italy,0.892,2020,59500576.0,13.227,59.253,1320.996,676.252,125.1,330.966,0.0,585.492,77.862,330.966,65.504,49.273,5654.891000000001,9.503926482997412e-05
Italy,0.899,2021,59240336.0,13.822,65.182,1440.023,723.737,118.766,328.594,0.0,651.104,75.727,328.594,65.519,54.76,5886.828,9.937195494637304e-05
Italy,0.906,2022,59037472.0,12.353,86.385,1434.277,651.99,74.036,283.974,0.0,695.903,70.836,283.974,73.317,53.431,5742.476000000001,9.726832476837764e-05
Japan,0.913,2015,127250936.0,3.772,1397.981,4921.101,1187.176,230.963,442.829,11.692,2335.943,89.322,431.138,93.016,14.065,13173.998,0.0001035277100044
Japan,0.914,2016,126993856.0,4.614,1395.385,4828.55,1164.174,212.626,467.055,45.414,2268.99,74.12,421.642,115.985,14.297,13028.852,0.0001025943491313
Japan,0.916,2017,126662464.0,4.771,1415.963,4829.954,1169.865,210.89,524.723,74.247,2244.126,74.44,450.476,143.818,16.557,13176.83,0.0001040310569041
Japan,0.917,2018,126255872.0,5.137,1386.597,4710.478,1157.082,214.297,606.079,124.672,2166.799,80.503,481.406,161.977,19.492,13132.519000000002,0.0001040151146395
Japan,0.918,2019,125791680.0,4.781,1362.594,4556.221,1081.233,194.849,649.316,166.025,2112.394,86.268,483.291,177.742,19.652,12913.366,0.0001026567575852
Japan,0.917,2020,125244760.0,5.148,1270.752,4189.554,1041.275,205.723,635.695,108.366,1877.527,94.994,527.329,199.39,22.074,12197.827,9.739191483939128e-05
Japan,0.92,2021,124612528.0,5.0,1369.467,4316.124,1035.061,208.356,721.357,153.727,1911.596,109.044,567.63,220.276,24.953,12663.591,0.0001016237388266
Japan,0.92,2022,123951696.0,5.042,1365.525,4294.471,1002.223,195.192,710.41,129.528,1926.723,118.667,580.882,237.434,24.547,12612.643999999997,0.0001017545092727
Malaysia,0.792,2015,31068834.0,4.521,202.296,1069.424,468.398,37.497,45.151,0.0,398.729,2.397,45.151,0.735,0.0,4289.298999999999,0.0001380579329111
Malaysia,0.798,2016,31526414.0,4.521,217.847,1110.921,449.93,53.605,61.382,0.0,443.145,2.426,61.382,0.83,0.0,4421.989,0.0001402629870939
Malaysia,0.8,2017,31975812.0,4.405,241.405,1109.307,450.442,71.445,79.17,0.0,417.461,2.442,79.17,0.878,0.0,4473.125,0.0001398908962812
Malaysia,0.802,2018,32399270.0,5.067,258.943,1128.875,446.778,69.649,80.701,0.0,423.154,4.313,80.701,1.672,0.0,4517.853,0.0001394430491798
Malaysia,0.805,2019,32804024.0,7.531,244.729,1156.726,452.151,69.052,84.055,0.0,459.846,3.626,84.055,3.846,0.0,4584.617,0.0001397577626452
Malaysia,0.802,2020,33199988.0,9.193,288.092,1106.194,436.137,71.695,90.235,0.0,381.966,3.939,90.235,5.408,0.0,4503.094000000001,0.0001356354104706
Malaysia,0.798,2021,33573872.0,9.612,266.346,1148.04,513.517,79.03,98.61,0.0,368.176,3.939,98.61,6.029,0.0,4612.9090000000015,0.0001373957999244
Malaysia,0.807,2022,33938216.0,10.354,263.048,1226.946,519.453,82.865,104.333,0.0,444.445,3.939,104.333,7.175,0.0,4788.891,0.0001411061500698
Mexico,0.769,2015,120149896.0,1.954,147.65,2043.285,807.829,83.19,162.136,29.917,1087.805,22.981,132.219,0.545,23.55,6558.061000000001,5.458232772835693e-05
Mexico,0.773,2016,121519224.0,2.07,144.633,2092.615,830.3,80.395,160.783,27.146,1117.681,22.714,133.637,0.675,27.783,6656.432,5.4776781655551055e-05
Mexico,0.776,2017,122839256.0,2.187,176.753,2127.736,860.335,82.175,165.528,27.792,1090.648,21.955,137.736,3.158,28.262,6741.265,5.487875146362007e-05
Mexico,0.779,2018,124013864.0,2.441,157.545,2081.753,902.736,85.283,183.524,34.414,1021.472,19.989,149.111,8.497,32.9,6697.664999999999,5.400738904482485e-05
Mexico,0.781,2019,125085312.0,2.696,150.415,2058.36,933.893,62.215,183.054,28.304,974.052,19.481,154.75,26.266,44.092,6656.577999999999,5.321630408532697e-05
Mexico,0.757,2020,125998296.0,2.951,66.491,1827.884,922.448,70.429,214.033,28.17,838.945,19.149,185.863,41.589,51.745,6289.697000000001,4.991890525249644e-05
Mexico,0.757,2021,126705136.0,2.539,55.126,1928.164,916.388,90.844,247.73,29.938,956.65,16.42,217.792,52.844,55.146,6590.580999999999,5.201510537031426e-05
Mexico,0.781,2022,127504120.0,2.723,67.837,2025.715,909.47,92.707,247.369,27.144,1048.408,18.24,220.225,53.034,53.521,6788.392999999999,5.324057763780495e-05
Netherlands,0.932,2015,17041110.0,3.721,128.667,972.45,337.889,0.25,53.582,10.538,505.895,15.756,43.043,2.985,20.332,4110.108,0.0002411878099489
Netherlands,0.933,2016,17124512.0,2.975,119.278,988.767,351.611,0.268,55.247,10.173,517.878,15.67,45.074,4.288,21.873,4149.101999999998,0.0002422902328545
Netherlands,0.936,2017,17207204.0,3.848,106.972,990.816,362.972,0.162,61.39,8.689,520.871,14.699,52.701,5.866,28.127,4174.113,0.0002425793870985
Netherlands,0.939,2018,17286042.0,6.467,96.083,958.935,355.889,0.191,67.835,8.923,506.963,14.535,58.911,9.81,27.908,4130.450000000001,0.000238947122771
Netherlands,0.941,2019,17363260.0,8.081,74.694,941.012,371.611,0.196,81.317,9.89,494.707,18.584,71.428,14.233,30.335,4135.088,0.0002381515913486
Netherlands,0.938,2020,17434562.0,9.257,47.778,879.629,360.944,0.121,110.517,10.301,470.906,28.215,100.216,22.499,40.124,4100.507,0.0002351941505613
Netherlands,0.941,2021,17501696.0,9.304,65.111,883.818,348.417,0.231,130.797,9.612,470.29,34.851,121.185,29.579,47.221,4171.416,0.0002383435296784
Netherlands,0.946,2022,17564020.0,11.878,64.333,801.226,275.361,0.13,153.965,10.398,461.531,31.238,143.567,44.527,55.795,4075.949,0.0002320624207897
Nigeria,0.52,2015,183995776.0,0.0,0.0,0.0,0.0,0.0,0.0,0.0,0.0,0.0,0.0,0.0,0.0,2015.0,1.09513383611589e-05
Nigeria,0.526,2016,188666928.0,0.0,0.0,0.0,0.0,0.0,0.0,0.0,0.0,0.0,0.0,0.0,0.0,2016.0,1.068549756637793e-05
Nigeria,0.528,2017,193495904.0,0.0,0.0,0.0,0.0,0.0,0.0,0.0,0.0,0.0,0.0,0.0,0.0,2017.0,1.0423993264477576e-05
Nigeria,0.53,2018,198387616.0,0.0,0.0,0.0,0.0,0.0,0.0,0.0,0.0,0.0,0.0,0.0,0.0,2018.0,1.017200589778749e-05
Nigeria,0.537,2019,203304496.0,0.0,0.0,0.0,0.0,0.0,0.0,0.0,0.0,0.0,0.0,0.0,0.0,2019.0,9.930916628621926e-06
Nigeria,0.539,2020,208327408.0,0.0,0.0,0.0,0.0,0.0,0.0,0.0,0.0,0.0,0.0,0.0,0.0,2020.0,9.696275777597156e-06
Nigeria,0.542,2021,213401328.0,0.0,0.0,0.0,0.0,0.0,0.0,0.0,0.0,0.0,0.0,0.0,0.0,2021.0,9.470419040691256e-06
Nigeria,0.548,2022,218541216.0,0.0,0.0,0.0,0.0,0.0,0.0,0.0,0.0,0.0,0.0,0.0,0.0,2022.0,9.25225930837687e-06
Pakistan,0.525,2015,210969296.0,0.0,54.263,713.565,365.342,88.274,102.294,11.125,293.961,0.254,91.169,1.028,1.612,3737.8869999999993,1.7717682482099192e-05
Pakistan,0.533,2016,213524848.0,0.0,62.121,430.689,39.72,92.566,111.511,13.59,328.849,1.699,97.922,1.199,2.458,3198.324,1.497869699923636e-05
Pakistan,0.534,2017,216379648.0,0.0,83.121,830.01,407.396,80.382,110.988,20.729,339.493,3.433,90.259,1.753,4.692,3989.256,1.8436373461518896e-05
Pakistan,0.535,2018,219731488.0,0.0,137.646,856.861,435.876,77.996,114.169,23.48,283.339,3.289,90.689,1.912,7.492,4050.749,1.84349955341858e-05
Pakistan,0.537,2019,223293280.0,0.0,156.562,851.917,444.73,95.254,130.599,23.227,250.625,1.973,107.372,1.846,8.299,4091.404,1.83230055109585e-05
Pakistan,0.536,2020,227196736.0,0.0,181.748,837.067,411.598,105.018,140.15,24.067,243.721,2.025,116.083,1.864,7.175,4090.516000000001,1.800429034332606e-05
Pakistan,0.537,2021,231402112.0,0.0,200.761,932.805,448.92,98.472,150.986,39.409,283.124,2.247,111.577,1.878,8.981,4300.16,1.8583062889244503e-05
Pakistan,0.54,2022,235824864.0,0.0,178.546,835.711,382.023,89.944,162.995,55.665,275.142,3.08,107.33,2.204,12.102,4126.741999999999,1.7499181087198672e-05
Philippines,0.696,2015,103031360.0,4.68,135.082,383.707,33.225,23.335,60.115,0.0,215.399,29.712,60.115,0.373,2.015,2962.758,2.8755885586679623e-05
Philippines,0.696,2016,104875272.0,5.142,152.19,421.456,38.099,21.713,63.158,0.0,231.167,30.756,63.158,2.937,2.611,3048.387,2.906678516171095e-05
Philippines,0.7,2017,106738496.0,5.572,179.974,465.146,37.744,25.577,66.717,0.0,247.428,29.462,66.717,3.197,2.91,3147.4440000000004,2.948743066419074e-05
Philippines,0.706,2018,108568832.0,5.735,190.139,482.713,40.888,24.875,66.985,0.0,251.686,30.02,66.985,3.305,3.05,3184.3810000000003,2.933052646269604e-05
Philippines,0.714,2019,110380800.0,6.108,203.311,502.417,42.16,21.203,63.705,0.0,256.946,30.363,63.705,3.285,2.746,3214.948999999999,2.9125980242940797e-05
Philippines,0.705,2020,112190984.0,5.175,204.062,452.132,38.428,19.012,61.621,0.0,209.641,31.134,61.621,3.605,2.696,3109.1270000000004,2.771280622692462e-05
Philippines,0.692,2021,113880336.0,5.802,219.963,478.537,32.831,24.163,66.973,0.0,225.743,29.765,66.973,3.861,3.382,3178.9929999999995,2.7915205659386174e-05
Philippines,0.71,2022,115559008.0,6.318,221.846,500.459,30.804,26.405,70.535,0.0,247.81,30.301,70.535,4.767,2.745,3234.524999999999,2.799024546835846e-05
Poland,0.869,2015,38553148.0,7.568,566.047,1030.028,170.988,4.934,72.985,0.0,292.993,31.089,72.985,0.153,29.24,4294.01,0.0001113789722177
Poland,0.872,2016,38532108.0,5.255,575.669,1079.833,182.576,5.726,70.412,0.0,321.587,25.4,70.412,0.332,33.699,4386.901,0.0001138505321328
Poland,0.874,2017,38532816.0,7.019,578.879,1133.63,191.803,6.813,74.659,0.0,362.947,20.711,74.659,0.439,39.677,4508.236,0.0001169973147044
Poland,0.876,2018,38521464.0,10.587,579.175,1150.725,199.261,5.212,71.358,0.0,372.289,20.903,71.358,0.794,33.863,4533.525000000001,0.0001176882841212
Poland,0.88,2019,38493600.0,11.435,516.078,1104.451,208.888,5.162,82.817,0.0,379.485,24.526,82.817,1.873,39.821,4476.352999999999,0.000116288240123
Poland,0.874,2020,38428368.0,11.849,478.409,1048.529,210.646,5.563,90.705,0.0,359.475,26.656,90.705,5.142,41.495,4389.174,0.0001142170284202
Poland,0.876,2021,38307724.0,12.134,529.151,1127.997,223.738,6.121,96.761,0.0,375.108,25.733,96.761,10.295,42.478,4567.277000000001,0.0001192260077889
Poland,0.881,2022,39857144.0,13.039,495.633,1071.105,186.046,5.131,115.763,0.0,389.426,24.36,115.763,21.664,51.568,4511.498,0.0001131917028475
Russia,0.823,2015,144668384.0,0.0,1071.356,6970.462,4086.748,452.402,960.093,505.127,1812.358,1.262,454.966,0.904,0.399,18331.077,0.0001267110096425
Russia,0.826,2016,145109152.0,0.394,1037.977,7083.562,4206.464,494.213,1002.501,505.078,1839.121,1.167,497.423,1.254,0.397,18685.551000000003,0.0001287689352632
Russia,0.827,2017,145452544.0,0.766,976.106,7120.232,4311.006,492.772,1015.511,518.774,1833.12,1.381,496.737,1.448,0.37,18785.223,0.0001291501852315
Russia,0.836,2018,145652288.0,1.131,1007.856,7403.697,4544.993,504.375,1028.511,519.396,1850.849,1.329,509.115,1.652,0.627,19391.531000000003,0.0001331357801945
Russia,0.839,2019,145742288.0,1.565,990.76,7322.611,4443.127,512.37,1047.418,528.623,1888.724,1.435,518.796,2.597,0.83,19277.856000000003,0.0001322735924112
Russia,0.826,2020,145617328.0,1.884,914.234,6964.822,4234.834,557.924,1114.148,544.142,1815.754,2.318,570.006,4.891,2.989,18747.946,0.0001287480429526
Russia,0.818,2021,145102752.0,2.793,951.683,7197.647,4315.445,561.365,1137.71,558.415,1930.519,2.324,579.295,6.05,6.764,19271.01,0.0001328094039181
Russia,0.821,2022,144713312.0,3.837,1067.093,7533.77,4484.05,515.343,1098.415,559.65,1982.627,2.378,538.765,6.254,10.953,19825.13500000001,0.0001369959316527
Saudi Arabia,0.842,2015,32749838.0,0.0,1.036,3056.502,992.275,0.0,0.0,0.0,2063.19,0.0,0.0,0.124,0.0,8128.127,0.000248188311649
Saudi Arabia,0.846,2016,33416272.0,0.0,0.855,3179.721,1053.17,0.0,0.0,0.0,2125.696,0.0,0.0,0.123,0.0,8375.564999999999,0.0002506433093434
Saudi Arabia,0.849,2017,34193120.0,0.0,1.34,3181.633,1092.502,0.0,0.0,0.0,2087.792,0.0,0.0,0.173,0.013,8380.453000000001,0.0002450917903952
Saudi Arabia,0.856,2018,35018132.0,0.0,1.114,3101.243,1121.0,0.0,0.0,0.0,1979.128,0.0,0.0,0.422,0.013,8220.920000000002,0.0002347618085396
Saudi Arabia,0.862,2019,35827364.0,0.0,1.173,2966.819,1111.5,0.0,0.0,0.0,1854.147,0.0,0.0,0.545,0.015,7953.199,0.0002219867194248
Saudi Arabia,0.861,2020,35997108.0,0.0,1.028,2885.852,1130.5,0.0,0.0,0.0,1754.324,0.0,0.0,0.544,0.015,7792.263,0.0002164691396875
Saudi Arabia,0.867,2021,35950396.0,0.0,1.279,2979.729,1144.607,0.0,0.0,0.0,1833.843,0.0,0.0,2.173,0.015,7982.646,0.0002220461215503
Saudi Arabia,0.875,2022,36408824.0,0.0,0.0,0.0,0.0,0.0,0.0,0.0,0.0,0.0,0.0,0.0,0.0,2022.0,5.553598764958736e-05
South Korea,0.908,2015,50994396.0,5.18,993.216,2833.904,456.497,5.778,475.614,425.773,1384.19,23.876,49.841,11.391,3.615,8683.875,0.0001702907707741
South Korea,0.912,2016,51309984.0,5.151,947.837,2933.451,476.437,7.62,473.98,416.145,1509.177,25.792,57.835,14.767,4.506,8888.697999999999,0.0001732352518371
South Korea,0.915,2017,51511640.0,4.979,1002.235,2997.258,497.564,7.475,448.55,379.047,1497.459,30.68,69.503,20.596,5.773,8978.119,0.0001742930141614
South Korea,0.918,2018,51676900.0,7.946,1007.749,3076.133,578.04,8.888,426.917,338.947,1490.344,37.714,87.97,26.9,6.522,9112.07,0.0001763277208965
South Korea,0.922,2019,51803832.0,8.138,955.366,2991.021,560.338,7.351,471.654,369.074,1475.317,42.618,102.581,37.412,7.062,9046.932,0.0001746382777243
South Korea,0.922,2020,51844688.0,8.025,840.159,2821.208,575.373,10.183,525.757,403.691,1405.675,44.799,122.066,50.787,8.273,8835.996,0.0001704320411765
South Korea,0.926,2021,51830136.0,6.944,843.54,2967.049,624.074,7.993,539.459,396.769,1499.434,54.755,142.691,64.678,8.321,9176.707,0.0001770535003033
South Korea,0.929,2022,51815808.0,7.943,796.568,2938.851,623.789,9.232,603.493,440.451,1518.494,56.974,163.042,80.107,8.785,9269.729,0.0001788977024154
Spain,0.889,2015,46431344.0,14.788,159.173,1145.939,285.438,75.78,427.206,148.086,701.328,18.4,279.12,37.32,132.831,5440.409000000001,0.0001171710429058
Spain,0.894,2016,46473320.0,16.87,122.07,1132.507,291.216,97.406,450.407,150.585,719.221,18.083,299.822,36.519,130.945,5481.650999999999,0.0001179526446571
Spain,0.896,2017,46584168.0,19.439,156.41,1197.184,317.121,48.76,404.858,148.404,723.653,19.402,256.454,38.111,130.741,5477.537000000001,0.0001175836606119
Spain,0.899,2018,46792044.0,25.525,134.022,1182.64,314.973,90.838,446.032,141.58,733.645,19.714,304.451,33.717,134.657,5579.793999999999,0.00011924663945
Spain,0.904,2019,47131372.0,25.091,58.984,1154.336,359.745,59.273,429.535,147.41,735.607,17.995,282.125,39.825,139.941,5468.866999999999,0.0001160345385235
Spain,0.894,2020,47363808.0,22.691,34.386,951.118,324.902,80.119,471.842,146.925,591.83,19.591,324.917,54.278,148.237,5190.836000000002,0.0001095949886461
Spain,0.904,2021,47486932.0,22.3,35.731,1033.12,343.243,77.522,497.149,142.03,654.146,21.997,355.12,70.907,162.394,5436.659,0.0001144874762597
Spain,0.911,2022,47558632.0,21.763,43.427,1098.455,329.742,45.859,492.576,146.58,725.287,21.552,345.996,93.135,163.686,5550.058,0.0001166992776411
Thailand,0.789,2015,70294408.0,18.515,204.074,1318.1,509.61,10.128,59.346,0.0,604.417,23.416,59.346,6.404,0.883,4829.2390000000005,6.870018736056501e-05
Thailand,0.793,2016,70607032.0,19.143,208.03,1338.951,505.643,9.485,66.621,0.0,625.278,27.456,66.621,9.512,1.025,4893.765,6.930988120276746e-05
Thailand,0.795,2017,70898208.0,21.177,208.857,1354.329,500.838,12.474,78.354,0.0,644.634,29.661,78.354,12.09,2.951,4960.719000000001,6.996959641067374e-05
Thailand,0.796,2018,71127808.0,23.148,222.67,1381.293,500.196,20.1,97.083,0.0,658.427,37.491,97.083,12.004,4.342,5071.836999999999,7.130596517187762e-05
Thailand,0.801,2019,71307768.0,25.85,198.453,1373.846,509.396,16.633,105.899,0.0,665.997,40.178,105.899,13.565,9.674,5084.39,7.130204944852572e-05
Thailand,0.8,2020,71475664.0,25.976,212.183,1276.961,468.529,11.923,98.797,0.0,596.249,39.229,98.797,13.213,8.457,4870.313999999999,6.813947191872187e-05
Thailand,0.797,2021,71601104.0,23.287,217.274,1286.554,470.137,11.88,100.256,0.0,599.142,42.793,100.256,13.055,9.242,4894.876000000001,6.836313585332429e-05
Thailand,0.803,2022,71697024.0,21.138,197.679,1284.408,443.181,17.204,103.485,0.0,643.549,44.25,103.485,13.103,7.79,4901.272,6.836088482556822e-05
Turkey,0.821,2015,79646176.0,1.205,404.026,1362.281,459.59,180.822,226.741,0.0,498.664,12.811,226.741,0.523,31.38,5419.784,6.804826386140622e-05
Turkey,0.826,2016,81019400.0,1.194,447.26,1426.137,445.046,179.98,243.102,0.0,533.831,17.597,243.102,2.792,41.54,5597.580999999999,6.908939093599804e-05
Turkey,0.833,2017,82089824.0,1.269,458.912,1553.371,515.681,154.936,233.97,0.0,578.778,22.428,233.97,7.689,47.647,5825.651000000001,7.096678633395536e-05
Turkey,0.838,2018,82809304.0,1.624,475.22,1526.927,472.325,158.581,260.945,0.0,579.382,27.324,260.945,20.636,52.78,5854.688999999999,7.070085989371434e-05
Turkey,0.842,2019,83481688.0,1.809,487.526,1497.671,433.613,234.134,351.496,0.0,576.531,33.888,351.496,24.382,57.282,6068.828,7.269651758838418e-05
Turkey,0.835,2020,84135432.0,1.162,472.367,1482.043,462.099,205.098,339.733,0.0,547.577,39.509,339.733,28.758,65.206,6003.285000000001,7.135263773293516e-05
Turkey,0.841,2021,84775408.0,1.287,482.322,1637.03,573.104,146.342,314.121,0.0,581.605,47.748,314.121,36.484,82.26,6237.424,7.35758653028246e-05
Turkey,0.855,2022,85341248.0,1.565,488.702,1607.618,512.464,174.163,364.5,0.0,606.453,53.636,364.5,44.028,91.107,6330.736000000001,7.418143217216604e-05
United Arab Emirates,0.86,2015,8916909.0,0.0,19.942,1226.979,714.705,0.0,0.0,0.0,492.332,0.0,0.0,0.805,0.004,4469.767000000001,0.0005012686571097
United Arab Emirates,0.866,2016,8994266.0,0.0,21.406,1275.467,719.31,0.0,0.0,0.0,534.751,0.0,0.0,0.846,0.0,4567.78,0.0005078546709648
United Arab Emirates,0.898,2017,9068297.0,0.0,24.76,1213.462,656.552,0.0,0.0,0.0,532.15,0.0,0.0,1.983,0.0,4445.907,0.0004902692313672
United Arab Emirates,0.917,2018,9140172.0,0.0,22.332,1147.343,595.643,0.0,0.0,0.0,529.368,0.0,0.0,3.17,0.0,4315.856000000001,0.0004721854249569
United Arab Emirates,0.933,2019,9211660.0,0.0,20.668,1209.43,671.891,0.0,0.0,0.0,516.871,0.0,0.0,9.637,0.0,4447.496999999999,0.0004828116756371
United Arab Emirates,0.93,2020,9287286.0,0.0,24.736,1186.957,678.658,0.0,0.0,4.1,483.562,0.003,0.0,13.616,0.0,4411.632,0.0004750184284192
United Arab Emirates,0.931,2021,9365149.0,0.0,30.154,1203.467,655.399,0.0,0.0,26.486,517.914,0.001,0.0,16.36,0.0,4470.781,0.0004773849300208
United Arab Emirates,0.937,2022,9441138.0,0.0,27.893,1285.167,661.476,0.0,0.0,50.298,595.798,0.041,0.0,20.188,0.0,4662.861,0.0004938876012616
United Kingdom,0.923,2015,65224368.0,10.819,277.323,1849.654,720.455,16.958,431.705,181.783,851.876,93.401,249.922,20.286,108.459,6827.641,0.0001046792971608
United Kingdom,0.926,2016,65655204.0,10.963,141.172,1810.635,798.983,14.377,432.91,184.255,870.479,95.975,248.655,27.862,99.477,6751.743,0.0001028363722698
United Kingdom,0.929,2017,66064808.0,10.827,114.227,1778.548,782.288,15.653,470.528,179.622,882.034,101.826,290.906,30.491,132.11,6806.06,0.0001030209608722
United Kingdom,0.928,2018,66432996.0,14.917,96.415,1756.137,788.487,14.401,490.665,165.186,871.235,112.081,325.479,33.517,150.562,6837.081999999999,0.0001029169601202
United Kingdom,0.933,2019,66778660.0,19.071,68.913,1701.406,778.738,15.639,497.662,142.116,853.756,119.836,355.546,32.734,168.267,6772.684000000001,0.0001014198847356
United Kingdom,0.92,2020,67059472.0,18.022,62.786,1451.432,731.454,18.039,519.755,126.71,657.192,126.175,393.045,32.839,197.969,6355.418,9.477286072279244e-05
United Kingdom,0.931,2021,67281040.0,17.785,64.242,1515.129,769.267,14.126,475.829,115.263,681.619,127.855,360.567,31.598,169.203,6363.482999999999,9.45806277667527e-05
United Kingdom,0.94,2022,67508936.0,23.016,58.387,1503.479,708.97,14.705,515.367,119.393,736.121,114.381,395.973,34.63,209.241,6455.663000000001,9.562679228124706e-05
United States,0.924,2015,324607776.0,377.211,4329.078,21655.984,7435.795,663.691,4091.442,2168.462,9891.111,257.115,1922.98,106.174,518.788,55432.831000000006,0.0001707686478835
United States,0.926,2016,327210208.0,409.229,3960.741,21417.207,7490.989,706.105,4309.845,2178.659,9965.476,253.683,2131.185,148.362,613.806,55601.287,0.0001699252824043
United States,0.928,2017,329791232.0,410.054,3852.593,21315.105,7399.922,789.888,4508.74,2163.843,10062.591,253.612,2344.897,207.734,683.609,56009.58799999999,0.0001698334660395
United States,0.93,2018,332140032.0,404.621,3689.458,22212.854,8219.633,765.977,4556.134,2156.894,10303.762,250.438,2399.24,249.513,728.691,57955.215,0.0001744903035355
United States,0.933,2019,334319680.0,415.87,3150.46,21948.141,8509.999,752.485,4630.352,2155.132,10287.683,234.433,2475.22,284.616,787.816,57651.207,0.0001724433542171
United States,0.923,2020,335942016.0,378.321,2556.181,19936.998,8345.496,742.663,4685.649,2095.404,9035.32,225.994,2590.245,346.779,896.488,53855.538,0.0001603120045573
United States,0.921,2021,336997632.0,415.839,2936.894,21170.129,8364.249,651.455,4786.699,2060.685,9868.985,224.519,2726.014,434.585,999.615,56660.668000000005,0.0001681337274203
United States,0.927,2022,338289856.0,437.593,2752.975,21479.43,8795.866,655.104,5024.875,2031.819,9930.587,216.581,2993.056,540.069,1143.709,58023.664,0.0001715205554375
Vietnam,0.697,2015,92191400.0,0.0,305.123,674.768,102.869,151.138,151.705,0.0,266.775,0.223,151.705,0.018,0.326,3819.65,4.143173875220466e-05
Vietnam,0.702,2016,93126528.0,0.0,330.179,726.664,102.386,171.172,172.114,0.0,294.098,0.389,172.114,0.014,0.538,3985.668,4.279841722435953e-05
Vietnam,0.706,2017,94033048.0,0.0,329.915,733.304,95.207,228.711,230.328,0.0,308.182,0.664,230.328,0.021,0.931,4174.590999999999,4.4394934427734376e-05
Vietnam,0.711,2018,94914328.0,0.0,439.514,860.56,96.596,219.81,222.714,0.0,324.449,1.558,222.714,0.058,1.288,4407.261,4.6434095809012094e-05
Vietnam,0.717,2019,95776712.0,0.0,580.664,1012.627,98.43,174.283,190.008,0.0,333.533,1.117,190.008,12.7,1.908,4614.277999999999,4.817745257323095e-05
Vietnam,0.726,2020,96648680.0,0.0,609.741,981.098,88.394,191.37,223.296,0.0,282.963,1.085,223.296,28.261,2.579,4652.0830000000005,4.8133952786525385e-05
Vietnam,0.718,2021,97468024.0,0.0,579.233,924.5,71.989,205.862,284.054,0.0,273.278,1.022,284.054,68.429,8.742,4722.1630000000005,4.8448330090286845e-05
Vietnam,0.726,2022,98186856.0,0.0,528.115,901.975,77.972,250.05,342.092,0.0,295.888,1.207,342.092,67.134,23.701,4852.226,4.941828466327509e-05
